

{
					"Calle": "Collins Ave",
					"Numero": 1234,
					"CP": 7000,
					"Latitud": 25.845362706221916,
					"Longitud": -80.11993195337358,
					
}	,

{
					"Calle": "C. de Sevilla",
					"Numero": 30,
					"CP": 28014,
					"Latitud": 40.41707269127456,
					"Longitud": -3.7004233112454163,
					
}	,

{
					"Calle": "Bis Rue de Paris",
					"Numero": 3,
					"CP": 92190,
					"Latitud": 48.81806260303906,
					"Longitud": 2.2493296544913317,
					
},

{
					"Calle": "Uchisaiwaicho",
					"Numero": 3,
					"CP": 10085,
					"Latitud": 35.67291568730059,
					"Longitud": 139.75805021595886,
					
},

{
					"Calle": "Villa della Fontanella",
					"Numero": 48,
					"CP": 100095,
					"Latitud": 41.90511675430925,
					"Longitud":  12.496799466785122,
					
},
{
					"Calle": "Posadas",
					"Numero": 1232,
					"CP": 1001,
					"Latitud": -34.589276818961046,,
					"Longitud": -58.38411528860917,
					
				},

				
				